{
  "users": [
    {
      "id": 1,
      "username": "aj",
      "email": "Abhishek.Jagtap@neudesic.com",
      "password": "aj12345"
    },
    {
      "id": 2,
      "username": "bj",
      "email": "Abhishek.Jagtap@neudesic.com",
      "password": "aj123456"
    },
    {
      "username": "Abhi",
      "email": "abhi@abc.com",
      "password": "123456",
      "id": 3
    },
    {
      "username": "jack",
      "email": "jack@gmail.com",
      "password": "sparrow",
      "id": 4
    },
    {
      "username": "james",
      "email": "james@gmail.com",
      "password": "bond",
      "id": 5
    },
    {
      "username": "Ram",
      "email": "rm@rm.com",
      "password": "rm123456",
      "id": 6
    },
    {
      "username": "Tom",
      "email": "tom@tommy.com",
      "password": "tom123456",
      "id": 7
    },
    {
      "username": "MNG",
      "email": "mng@nn.com",
      "password": "123456",
      "id": 8
    },
    {
      "username": "RMN",
      "email": "rmn@nn.com",
      "password": "123456",
      "id": 9
    },
    {
      "username": "RMNG",
      "email": "rmng@nn.com",
      "password": "123456",
      "id": 10
    },
    {
      "username": "Dan",
      "email": "daniel@d.com",
      "password": "123456",
      "id": 11
    },
    {
      "username": "TMT",
      "email": "tm@t.com",
      "password": "123458",
      "id": 12
    }
  ],
  "projects": [
    {
      "id": 1,
      "userId": [
        1
      ],
      "pname": "Project01"
    },
    {
      "id": 3,
      "userId": [
        1
      ],
      "pname": "Project03"
    },
    {
      "pname": "Project04",
      "userId": [
        1
      ],
      "id": 4
    },
    {
      "pname": "project 5",
      "userId": [
        2
      ],
      "id": 5
    },
    {
      "pname": "Project 6",
      "userId": [
        2
      ],
      "id": 6
    },
    {
      "pname": "Project911",
      "userId": [
        3
      ],
      "id": 7
    },
    {
      "pname": "ProjectJack1",
      "userId": [
        4
      ],
      "id": 9
    },
    {
      "pname": "ProjectJ01",
      "userId": [
        5
      ],
      "id": 10
    },
    {
      "pname": "Project0005",
      "userId": [
        1
      ],
      "id": 11
    },
    {
      "pname": "PROJECT0008",
      "userId": [
        1
      ],
      "id": 12
    },
    {
      "pname": "PROJECT1111",
      "userId": [
        1
      ],
      "id": 13
    },
    {
      "pname": "project d1",
      "userId": [
        11
      ],
      "id": 14
    },
    {
      "pname": "project d2",
      "userId": [
        11
      ],
      "id": 15
    },
    {
      "pname": "project t1",
      "userId": [
        12
      ],
      "id": 16
    },
    {
      "pname": "project t2",
      "userId": [
        12
      ],
      "id": 17
    }
  ],
  "templates": [
    {
      "id": 1,
      "templateName": "template01",
      "projectId": 1
    },
    {
      "id": 2,
      "templateName": "template02",
      "projectId": 1
    },
    {
      "templateName": "Template03",
      "projectId": 1,
      "id": 3
    },
    {
      "templateName": "Template11",
      "projectId": 3,
      "id": 11
    },
    {
      "templateName": "Template04",
      "projectId": 1,
      "id": 13
    },
    {
      "templateName": "Template13",
      "projectId": 3,
      "id": 14
    },
    {
      "templateName": "Template05",
      "projectId": 1,
      "id": 15
    },
    {
      "templateName": "Template15",
      "projectId": 3,
      "id": 16
    },
    {
      "templateName": "Inprogress",
      "projectId": 3,
      "id": 17
    },
    {
      "templateName": "TemplateJack1",
      "projectId": 9,
      "id": 19
    },
    {
      "templateName": "TemplateJ01",
      "projectId": 10,
      "id": 20
    },
    {
      "templateName": "In progress",
      "projectId": 15,
      "id": 23
    }
  ],
  "tasks": [
    {
      "id": 1,
      "taskName": "taskNew001",
      "templateId": 1,
      "projectId": 1
    },
    {
      "id": 2,
      "taskName": "task02",
      "templateId": 1,
      "projectId": 1
    },
    {
      "id": 5,
      "taskName": "task05",
      "templateId": 1,
      "projectId": 1
    },
    {
      "id": 6,
      "taskName": "task06",
      "templateId": 2,
      "projectId": 1
    },
    {
      "taskName": "Task11",
      "templateId": 1,
      "projectId": 1,
      "id": 9
    },
    {
      "taskName": "Task15",
      "templateId": 2,
      "projectId": 1,
      "id": 10
    },
    {
      "taskName": "Task16",
      "templateId": 2,
      "projectId": 1,
      "id": 11
    },
    {
      "taskName": "Task21",
      "templateId": 3,
      "projectId": 1,
      "id": 12
    },
    {
      "taskName": "Task26",
      "templateId": 3,
      "projectId": 1,
      "id": 13
    },
    {
      "taskName": "Task71",
      "templateId": 14,
      "projectId": 3,
      "id": 14
    },
    {
      "taskName": "Task72",
      "templateId": 11,
      "projectId": 3,
      "id": 15
    },
    {
      "taskName": "Task40",
      "templateId": 13,
      "projectId": 1,
      "id": 16
    },
    {
      "taskName": "Task42",
      "templateId": 13,
      "projectId": 1,
      "id": 17
    },
    {
      "taskName": "Task131",
      "templateId": 14,
      "projectId": 3,
      "id": 18
    },
    {
      "taskName": "Task130",
      "templateId": 14,
      "projectId": 3,
      "id": 19
    },
    {
      "taskName": "Task101",
      "templateId": 15,
      "projectId": 1,
      "id": 21
    },
    {
      "taskName": "Task103",
      "templateId": 15,
      "projectId": 1,
      "id": 22
    },
    {
      "taskName": "Task10",
      "templateId": 16,
      "projectId": 3,
      "id": 24
    },
    {
      "taskName": "Task11",
      "templateId": 16,
      "projectId": 3,
      "id": 26
    },
    {
      "taskName": "Task27",
      "templateId": 3,
      "projectId": 1,
      "id": 27
    },
    {
      "taskName": "Task18",
      "templateId": 2,
      "projectId": 1,
      "id": 29
    },
    {
      "taskName": "Task13",
      "templateId": 1,
      "projectId": 1,
      "id": 30
    },
    {
      "taskName": "Task12",
      "templateId": 1,
      "projectId": 1,
      "id": 31
    },
    {
      "taskName": "Task76",
      "templateId": 11,
      "projectId": 3,
      "id": 32
    },
    {
      "taskName": "TASK77",
      "templateId": 11,
      "projectId": 3,
      "id": 33
    },
    {
      "taskName": "Task01",
      "templateId": 17,
      "projectId": 3,
      "id": 34
    },
    {
      "taskName": "Task02",
      "templateId": 17,
      "projectId": 3,
      "id": 35
    },
    {
      "taskName": "task12",
      "templateId": 16,
      "projectId": 3,
      "id": 36
    },
    {
      "taskName": "task03",
      "templateId": 17,
      "projectId": 3,
      "id": 37
    },
    {
      "taskName": "TaskJack1",
      "templateId": 19,
      "projectId": 9,
      "id": 41
    },
    {
      "taskName": "TaskJ01",
      "templateId": 20,
      "projectId": 10,
      "id": 42
    },
    {
      "taskName": "TaskJ02",
      "templateId": 20,
      "projectId": 10,
      "id": 43
    }
  ]
}